insert into user_table(cash, firstname, lastname, username, password) values ('1000000','Roy','dream','roy@dummy.com','$2a$10$aOfagh5EsYJNnEGcpFfo7u9mxnAUGVhKh2TzAbDbgm.2LALITl6Xe');
insert into user_table(cash, firstname, lastname, username, password) values ('1000000','Junaid','dream','junaid@dummy.com','$2a$10$aOfagh5EsYJNnEGcpFfo7u9mxnAUGVhKh2TzAbDbgm.2LALITl6Xe');
insert into user_table(cash, firstname, lastname, username, password) values ('1000000','Kingley','dream','kingsley@dummy.com','$2a$10$aOfagh5EsYJNnEGcpFfo7u9mxnAUGVhKh2TzAbDbgm.2LALITl6Xe');
insert into user_table(cash, firstname, lastname, username, password) values ('1000000','Shari','dream','shari@dummy.com','$2a$10$aOfagh5EsYJNnEGcpFfo7u9mxnAUGVhKh2TzAbDbgm.2LALITl6Xe');
insert into user_table(cash, firstname, lastname, username, password) values ('1000000','System.FrontEnd','System','frontend@dummy.com','$2a$10$p6sGYTZ2UeFQmJR2C/R/Tep4cZaetrK8h2mhH8L68.79eaKN6.n8K');
insert into user_table(cash, firstname, lastname, username, password) values ('1000000','System.BackEnd','System','backend@dummy.com','$2a$10$NVt/qonrYDnZH0pjvng4IeRW9BOxdOBnJB00CKEElI/TtgRw7R9Fm');
insert into user_table(cash, firstname, lastname, username, password) values ('1000000','System.Analytics','System','analytics@dummy.com','$2a$10$0.c5q/EwoGBeUs8wiC6IwuIjvIzN4TXOtW61hyKPTBbsW2V7cYt1m');
insert into user_table(cash, firstname, lastname, username, password) values ('1000000','System.DataServices','System','dataservices@dummy.com','$2a$10$j5eJR5Nda5MNMj4cM449Le2HoKiH1b8n3cB6wKg0O6ZimE52xFnAS');
insert into user_table(cash, firstname, lastname, username, password) values ('1000000','Lucky','Lim','luck.lim.gtp2015@outlook.com','$2a$10$sYd1Wmx8WzVuDza2lbMkAuHA6YcMK4JHiLm1y/1EPLflyYQ3CjjMa');

insert into role(name) values ('ROLE_USER');
insert into role(name) values ('ROLE_ADMIN');
insert into role(name) values ('ROLE_GUEST');

insert into user_role(user_id, role_id) values (1,1);
insert into user_role(user_id, role_id) values (1,2);
insert into user_role(user_id, role_id) values (2,1);
insert into user_role(user_id, role_id) values (3,1);
insert into user_role(user_id, role_id) values (4,1);
insert into user_role(user_id, role_id) values (5,1);
insert into user_role(user_id, role_id) values (6,1);
insert into user_role(user_id, role_id) values (7,1);
insert into user_role(user_id, role_id) values (8,1);
insert into user_role(user_id, role_id) values (8,2);
insert into user_role(user_id, role_id) values (9,1);
insert into user_role(user_id, role_id) values (9,2);

INSERT INTO asset_table(asset_Id,industry,name,region,type, assetclass) VALUES ('ALGT','Travel & Leisure','Allegiant Travel Company','EU','stock', 'Equity');
INSERT INTO asset_table(asset_Id,industry,name,region,type, assetclass) VALUES ('ALVG','Insurance','Allianz','EU','stock', 'Equity');
INSERT INTO asset_table(asset_Id,industry,name,region,type, assetclass) VALUES ('AAPL','Technology','Apple','NA','stock', 'Equity');
INSERT INTO asset_table(asset_Id,industry,name,region,type, assetclass) VALUES ('AQAC','Financial Services','Aquila Resources Inc','APAC','stock', 'Equity');
INSERT INTO asset_table(asset_Id,industry,name,region,type, assetclass) VALUES ('ARZGF','Insurance','Assicurazioni Generali','EU','stock', 'Equity');
INSERT INTO asset_table(asset_Id,industry,name,region,type, assetclass) VALUES ('AVV','Financial Services','Aviva','NA','stock', 'Equity');
INSERT INTO asset_table(asset_Id,industry,name,region,type, assetclass) VALUES ('BAC','Banks','Bank of America Corp','NA','stock', 'Equity');
INSERT INTO asset_table(asset_Id,industry,name,region,type, assetclass) VALUES ('BCA','Construction & Materials','Building Construction Authority','SA','stock', 'Equity');
INSERT INTO asset_table(asset_Id,industry,name,region,type, assetclass) VALUES ('CONG','Automobiles & Parts','Continental','EU','stock', 'Equity');
INSERT INTO asset_table(asset_Id,industry,name,region,type, assetclass) VALUES ('DOW','Chemicals','Dow Chemical Co','NA','stock', 'Equity');
INSERT INTO asset_table(asset_Id,industry,name,region,type, assetclass) VALUES ('ENI','Oil & Gas','Eni','EU','stock', 'Equity');
INSERT INTO asset_table(asset_Id,industry,name,region,type, assetclass) VALUES ('XOM','Oil & Gas','Exxon Mobil Corp','NA','stock', 'Equity');
INSERT INTO asset_table(asset_Id,industry,name,region,type, assetclass) VALUES ('FB','Media','Facebook Inc','NA','stock', 'Equity');
INSERT INTO asset_table(asset_Id,industry,name,region,type, assetclass) VALUES ('FCHA','Automobiles & Parts','FIAT Chrysler Automobiles','EU','stock', 'Equity');
INSERT INTO asset_table(asset_Id,industry,name,region,type, assetclass) VALUES ('GAM','Utilities','Gamesa Corporacion Tecnologica Sa','SA','stock', 'Equity');
INSERT INTO asset_table(asset_Id,industry,name,region,type, assetclass) VALUES ('HUN','Chemicals','Huntsman Corp','SA','stock', 'Equity');
INSERT INTO asset_table(asset_Id,industry,name,region,type, assetclass) VALUES ('FINA','Real Estate','Immobiliere Dassault Sa','APAC','stock', 'Equity');
INSERT INTO asset_table(asset_Id,industry,name,region,type, assetclass) VALUES ('IBM','Technology','International Business Machines Corp','NA','stock', 'Equity');
INSERT INTO asset_table(asset_Id,industry,name,region,type, assetclass) VALUES ('IRWT','Utilities','Irish Water Ltd','EU','stock', 'Equity');
INSERT INTO asset_table(asset_Id,industry,name,region,type, assetclass) VALUES ('JNJ','Personal & Household Goods','Johnson & Johnson','NA','stock', 'Equity');
INSERT INTO asset_table(asset_Id,industry,name,region,type, assetclass) VALUES ('KITE','Health Care','Kite Pharma','APAC','stock', 'Equity');
INSERT INTO asset_table(asset_Id,industry,name,region,type, assetclass) VALUES ('LUX','Retail','Luxottica','EU','stock', 'Equity');
INSERT INTO asset_table(asset_Id,industry,name,region,type, assetclass) VALUES ('MS','Media','Mediaset','EU','stock', 'Equity');
INSERT INTO asset_table(asset_Id,industry,name,region,type, assetclass) VALUES ('NESNY','Food & Beverage','Nestle','NA','stock', 'Equity');
INSERT INTO asset_table(asset_Id,industry,name,region,type, assetclass) VALUES ('PLT','Food & Beverage','Parmalat','EU','stock', 'Equity');
INSERT INTO asset_table(asset_Id,industry,name,region,type, assetclass) VALUES ('PG','Personal & Household Goods','Procter & Gamble','NA','stock', 'Equity');
INSERT INTO asset_table(asset_Id,industry,name,region,type, assetclass) VALUES ('SAGE','Health Care','Sage Therapeutics','APAC','stock', 'Equity');
INSERT INTO asset_table(asset_Id,industry,name,region,type, assetclass) VALUES ('SIAL','Industrial Goods and Services','Singapore Airlines','APAC','stock', 'Equity');
INSERT INTO asset_table(asset_Id,industry,name,region,type, assetclass) VALUES ('STRL','Construction & Materials','Sterling Construction Company','SA','stock', 'Equity');
INSERT INTO asset_table(asset_Id,industry,name,region,type, assetclass) VALUES ('SRTI','Telecomunications','Sunrise Telecom Inc','NA','stock', 'Equity');
INSERT INTO asset_table(asset_Id,industry,name,region,type, assetclass) VALUES ('TLIT','Telecomunications','Telecom Italia','EU','stock', 'Equity');
INSERT INTO asset_table(asset_Id,industry,name,region,type, assetclass) VALUES ('TESO','Retail','Tesco PLC','EU','stock', 'Equity');
INSERT INTO asset_table(asset_Id,industry,name,region,type, assetclass) VALUES ('TTEK','Industrial Goods and Services','Tetra Pak Ltd','NA','stock', 'Equity');
INSERT INTO asset_table(asset_Id,industry,name,region,type, assetclass) VALUES ('TW','Real Estate','Towers Watson & Co','NA','stock', 'Equity');
INSERT INTO asset_table(asset_Id,industry,name,region,type, assetclass) VALUES ('TUI','Travel & Leisure','Tui','EU','stock', 'Equity');
INSERT INTO asset_table(asset_Id,industry,name,region,type, assetclass) VALUES ('UBS','Banks','UBS AG','EU','stock', 'Equity');

INSERT INTO asset_table(asset_Id,industry,name,region,type, assetclass) VALUES ('MaInd','ALL','Market Index','Global','index', 'Equity');
INSERT INTO asset_table(asset_Id,industry,name,region,type, assetclass) VALUES ('EUInd','ALL','European Market Index','EU','index', 'Equity');
INSERT INTO asset_table(asset_Id,industry,name,region,type, assetclass) VALUES ('SAInd','ALL','South American Market Index','SA','index', 'Equity');
INSERT INTO asset_table(asset_Id,industry,name,region,type, assetclass) VALUES ('NAInd','ALL','North American Market Index','NA','index', 'Equity');
INSERT INTO asset_table(asset_Id,industry,name,region,type, assetclass) VALUES ('APACInd','ALL','APAC Market Index','APAC','index', 'Equity');

INSERT INTO gamer(user_id, chips, exp, add_money) VALUES (1, 100, 10, 0);
INSERT INTO gamer(user_id, chips, exp, add_money) VALUES (2, 10, 10, 0);
INSERT INTO gamer(user_id, chips, exp, add_money) VALUES (3, 0, 0, 0);
INSERT INTO gamer(user_id, chips, exp, add_money) VALUES (4, 15, 0, 0);
INSERT INTO gamer(user_id, chips, exp, add_money) VALUES (5, 20, 10, 0);
INSERT INTO gamer(user_id, chips, exp, add_money) VALUES (6, 300, 10, 0);


INSERT INTO historical_portfolio(user_id,cash, portfolio, portfolio_date, net_asset_value) VALUES (4, 9800000.4, 10823, '2015-10-13 21:10:00', 990823.4);
INSERT INTO historical_portfolio(user_id,cash, portfolio, portfolio_date, net_asset_value) VALUES (4, 9900000.4, 12823, '2015-10-12 21:10:00', 1002823.4);
INSERT INTO historical_portfolio(user_id,cash, portfolio, portfolio_date, net_asset_value) VALUES (4, 9800000.4, 10823, '2015-10-15 21:10:00', 990823.4);
INSERT INTO historical_portfolio(user_id,cash, portfolio, portfolio_date, net_asset_value) VALUES (4, 9500000.4, 9823, '2015-10-14 21:10:00', 959823.4);
INSERT INTO historical_portfolio(user_id,cash, portfolio, portfolio_date, net_asset_value) VALUES (4, 9400000.4, 13823, '2015-10-11 21:10:00', 9513823.4);
INSERT INTO historical_portfolio(user_id,cash, portfolio, portfolio_date, net_asset_value) VALUES (4, 9300000.4, 11823, '2015-10-10 21:10:00', 9411823.4);

INSERT INTO historical_portfolio(user_id,cash, portfolio, portfolio_date, netAssetValue) VALUES (2,96.4,100,'2015-10-15 12:10:00',196.4);
INSERT INTO historical_portfolio(user_id,cash, portfolio, portfolio_date, netAssetValue) VALUES (2,95.4,200,'2015-10-15 12:10:00',300.4);

INSERT INTO positions(stock_id, user_id,quantity) VALUES('UBS', 4, 100);
INSERT INTO positions(stock_id, user_id,quantity) VALUES('TUI', 4, 100);
INSERT INTO positions(stock_id, user_id,quantity) VALUES('TUI', 2, 0);

INSERT INTO quiz_question(id,a1,a2,a3,correct_ans,question,type,level) VALUES (1,'No, private companies exist','Yes, in order to raise capital','Yes, even for private companies',1,'Do all companies in the world go through an IPO first?','Equity',1);
INSERT INTO quiz_question(id,a1,a2,a3,correct_ans,question,type,level) VALUES (2,'proportional ownership of & power over a company','delegation of managerial power in a company','decision authority on arbitrary level',1,'what does a share represent?','Equity',1);
INSERT INTO quiz_question(id,a1,a2,a3,correct_ans,question,type,level) VALUES (3,'raise capital without debt','enable stock market manipulation','issue debt',1,'why are there publicly traded companies?','Equity',1);
INSERT INTO quiz_question(id,a1,a2,a3,correct_ans,question,type,level) VALUES (4,'They actually do not have an advantage financially but they are prestigious to own','Owners of preferred shares receive payment before normal shareholders in cases of financial bankruptcy','Preferred shares no not exist. There are only normal common equity.',2,'Which is a reason why preferred shares are preferred?','Equity',1);
INSERT INTO quiz_question(id,a1,a2,a3,correct_ans,question,type,level) VALUES (5,'Bunny Rabbit','Poison Pill','White Knight',1,'Which is not a tactic used to prevent hostile takeovers?','Equity',1);
INSERT INTO quiz_question(id,a1,a2,a3,correct_ans,question,type,level) VALUES (6,'company being bought --> shares go up, company taking over --> shares go down','company being bought --> share price goes down, company taking over --> shares go down','share price not affected because it is a merger situation',1,'what share price behavior can be generally assumes in the M&A situation?','Equity',1);
INSERT INTO quiz_question(id,a1,a2,a3,correct_ans,question,type,level) VALUES (7,'weather report','announcement negatively affecting the industry','announcement of events causing positively related to the company',3,'what causes share prices to rise?','Equity',1);
INSERT INTO quiz_question(id,a1,a2,a3,correct_ans,question,type,level) VALUES (8,'Share price decreases','Share price increases','Share price stays the same',2,'After an Initial Public Offering (IPO), what generally happens to share price?','Equity',1);
INSERT INTO quiz_question(id,a1,a2,a3,correct_ans,question,type,level) VALUES (9,'markets & market segments','global economic forecast','individual company share forecasts',1,'What do stock indices represent?','Equity',1);
INSERT INTO quiz_question(id,a1,a2,a3,correct_ans,question,type,level) VALUES (10,'indices are just approximations and are not calculated at all','always median stock price','different calc techniques (avg, ...)',3,'how are indices calculated?','Equity',1);
INSERT INTO quiz_question(id,a1,a2,a3,correct_ans,question,type,level) VALUES (11,'perpetual bond','junk bond','high yield bond',1,'What kind of bond is issued without a maternity date','FixedIncome',1);
INSERT INTO quiz_question(id,a1,a2,a3,correct_ans,question,type,level) VALUES (12,'yield','dividend','risk premium',1,'What is the continuous return of a bond','FixedIncome',1);
INSERT INTO quiz_question(id,a1,a2,a3,correct_ans,question,type,level) VALUES (13,'invement & speculative grade','preferred & standard bonds','Gold standard',1,'what grades of bonds do exist','FixedIncome',1);
INSERT INTO quiz_question(id,a1,a2,a3,correct_ans,question,type,level) VALUES (14,'Hedge and Pension funds','Governments and Corporations','Schools and Individuals',2,'Who are the largest issuers of bonds?','FixedIncome',1);
INSERT INTO quiz_question(id,a1,a2,a3,correct_ans,question,type,level) VALUES (15,'foreign exchange','obligations','structured products',2,'bonds are:','FixedIncome',1);
INSERT INTO quiz_question(id,a1,a2,a3,correct_ans,question,type,level) VALUES (16,'higher returns, lower volatility','high yield bond','lower volatility, lower returns',3,'How does fixed income generally compare to equity','FixedIncome',1);
INSERT INTO quiz_question(id,a1,a2,a3,correct_ans,question,type,level) VALUES (17,'yes, unless the issuer does not generate a profit','yes, in any case','yes, unless the issuer goes out of business',3,'Is the return of a bond guaranteed','FixedIncome',1);
INSERT INTO quiz_question(id,a1,a2,a3,correct_ans,question,type,level) VALUES (18,'Lump sum bond','zero coupon bond','coupon bond',2,'What is a bond with only one lump sum payout at the bond expiration called?','FixedIncome',1);
INSERT INTO quiz_question(id,a1,a2,a3,correct_ans,question,type,level) VALUES (19,'pension funds','hedge funds','private equity funds',1,'who would be the classic investor for fixed income products','FixedIncome',1);
INSERT INTO quiz_question(id,a1,a2,a3,correct_ans,question,type,level) VALUES (20,'fixed income generally decreases portfolio risk','fixed income is always a safe investment opportunity','fixed income is extremely risky',1,'which of the following statements is true','FixedIncome',1);
INSERT INTO quiz_question(id,a1,a2,a3,correct_ans,question,type,level) VALUES (21,'In shares','Buying gold for example directly','Futures Contracts',3,'Commodities are generally traded as:','Commodities',1);
INSERT INTO quiz_question(id,a1,a2,a3,correct_ans,question,type,level) VALUES (22,'As a hedging technique','Speculation on the market','They dont trade commodities. All they know is farming',1,'Why do farmers trade commodities','Commodities',1);
INSERT INTO quiz_question(id,a1,a2,a3,correct_ans,question,type,level) VALUES (23,'no, e.g. corn, wheat, ...','yes, because of storage','depends on the storage facility',1,'Only non-perishable goods can serve as commodities','Commodities',1);
INSERT INTO quiz_question(id,a1,a2,a3,correct_ans,question,type,level) VALUES (24,'They receive their profit in cash','The commodity gets delivered','If they forget they lose out on everything',2,'What happens if commodities traders do not close out their positions?','Commodities',1);
INSERT INTO quiz_question(id,a1,a2,a3,correct_ans,question,type,level) VALUES (25,'speculation with food raw materials viewed as immoral','stock markets outperform commodity markets','bond markets outperform commodity markets',1,'why was commodity trading critized, causing larger institututions to reduce their engagement','Commodities',1);
INSERT INTO quiz_question(id,a1,a2,a3,correct_ans,question,type,level) VALUES (26,'technical applications as well as luxury products/jewlery','only luxury products and jewlery','only technical applications',1,'What are precious metals used for','Commodities',1);
INSERT INTO quiz_question(id,a1,a2,a3,correct_ans,question,type,level) VALUES (27,'depends on the storage facility','no','yes',3,'Are soybeans a commonly traded conmmodity','Commodities',1);
INSERT INTO quiz_question(id,a1,a2,a3,correct_ans,question,type,level) VALUES (28,'Only in Europe','No','Yes',3,'Are hogs traded as a commodity?','Commodities',1);
INSERT INTO quiz_question(id,a1,a2,a3,correct_ans,question,type,level) VALUES (29,'intangible and interchangable','tangible and interchangable','tangible and not interchangable',2,'What are characteristics of commodities','Commodities',1);
INSERT INTO quiz_question(id,a1,a2,a3,correct_ans,question,type,level) VALUES (30,'regionally','globally','locally',2,'how are commodities traded','Commodities',1);

INSERT INTO transactions(user_id, datetime, ticker, qty, price, total) VALUES (9, '2015-10-10 11:10:00', 'UBS', 100, 20.3, 2030.00);
INSERT INTO transactions(user_id, datetime, ticker, qty, price, total) VALUES (9, '2015-10-10 12:10:00', 'TUI', 500, 65.4, 32700.00);
INSERT INTO transactions(user_id, datetime, ticker, qty, price, total) VALUES (9, '2015-10-10 10:10:00', 'IBM', 200, 54.1, 10820.00);
INSERT INTO transactions(user_id, datetime, ticker, qty, price, total) VALUES (9, '2015-10-10 13:10:00', 'PG', 1000, 33.1, 33100.00);
INSERT INTO transactions(user_id, datetime, ticker, qty, price, total) VALUES (9, '2015-10-11 11:10:00', 'UBS', -10, 20.3, -203.00);
INSERT INTO transactions(user_id, datetime, ticker, qty, price, total) VALUES (9, '2015-10-11 12:10:00', 'TUI', -50, 65.4, -3270.00);
INSERT INTO transactions(user_id, datetime, ticker, qty, price, total) VALUES (9, '2015-10-11 10:10:00', 'TW', 200, 54.1, 10820.00);
INSERT INTO transactions(user_id, datetime, ticker, qty, price, total) VALUES (9, '2015-10-11 13:10:00', 'PG', -100, 33.1, -3310.00);
INSERT INTO transactions(user_id, datetime, ticker, qty, price, total) VALUES (9, '2015-10-12 11:10:00', 'UBS', 100, 20.3, 2030.00);
INSERT INTO transactions(user_id, datetime, ticker, qty, price, total) VALUES (9, '2015-10-12 12:10:00', 'TUI', 500, 65.4, 32700.00);
INSERT INTO transactions(user_id, datetime, ticker, qty, price, total) VALUES (9, '2015-10-12 10:10:00', 'TW', 200, 54.1, 10820.00);
INSERT INTO transactions(user_id, datetime, ticker, qty, price, total) VALUES (9, '2015-10-12 13:10:00', 'PG', -10, 33.1, -331.00);
INSERT INTO transactions(user_id, datetime, ticker, qty, price, total) VALUES (9, '2015-10-13 11:10:00', 'IBM', 100, 20.3, 2030.00);
INSERT INTO transactions(user_id, datetime, ticker, qty, price, total) VALUES (9, '2015-10-13 12:10:00', 'TUI', 500, 65.4, 32700.00);
INSERT INTO transactions(user_id, datetime, ticker, qty, price, total) VALUES (9, '2015-10-13 10:10:00', 'TW', 200, 54.1, 10820.00);
INSERT INTO transactions(user_id, datetime, ticker, qty, price, total) VALUES (9, '2015-10-13 13:10:00', 'PG', 1000, 33.1, 33100.00);
INSERT INTO transactions(user_id, datetime, ticker, qty, price, total) VALUES (9, '2015-10-14 11:10:00', 'UBS', 100, 20.3, 2030.00);
INSERT INTO transactions(user_id, datetime, ticker, qty, price, total) VALUES (9, '2015-10-14 12:10:00', 'TUI', 500, 65.4, 32700.00);
INSERT INTO transactions(user_id, datetime, ticker, qty, price, total) VALUES (9, '2015-10-14 10:10:00', 'TW', 200, 54.1, 10820.00);
INSERT INTO transactions(user_id, datetime, ticker, qty, price, total) VALUES (9, '2015-10-14 13:10:00', 'PG', 1000, 33.1, 33100.00);
INSERT INTO transactions(user_id, datetime, ticker, qty, price, total) VALUES (9, '2015-10-15 11:10:00', 'UBS', 100, 20.3, 2030.00);
INSERT INTO transactions(user_id, datetime, ticker, qty, price, total) VALUES (9, '2015-10-15 12:10:00', 'TUI', 500, 65.4, 32700.00);
INSERT INTO transactions(user_id, datetime, ticker, qty, price, total) VALUES (9, '2015-10-15 10:10:00', 'TW', 200, 54.1, 10820.00);
INSERT INTO transactions(user_id, datetime, ticker, qty, price, total) VALUES (9, '2015-10-15 13:10:00', 'PG', 1000, 33.1, 33100.00);
INSERT INTO transactions(user_id, datetime, ticker, qty, price, total) VALUES (9, '2015-10-16 11:10:00', 'FINA', 100, 20.3, 2030.00);
INSERT INTO transactions(user_id, datetime, ticker, qty, price, total) VALUES (9, '2015-10-16 12:10:00', 'TUI', 500, 65.4, 32700.00);
INSERT INTO transactions(user_id, datetime, ticker, qty, price, total) VALUES (9, '2015-10-16 10:10:00', 'TW', -200, 54.1, -10820.00);
INSERT INTO transactions(user_id, datetime, ticker, qty, price, total) VALUES (9, '2015-10-16 13:13:00', 'PG', 1000, 33.1, 33100.00);
INSERT INTO transactions(user_id, datetime, ticker, qty, price, total) VALUES (9, '2015-10-17 11:12:00', 'UBS', 100, 20.3, 2030.00);
INSERT INTO transactions(user_id, datetime, ticker, qty, price, total) VALUES (9, '2015-10-17 12:13:00', 'TUI', 500, 65.4, 32700.00);
INSERT INTO transactions(user_id, datetime, ticker, qty, price, total) VALUES (9, '2015-10-17 10:16:00', 'TW', 200, 54.1, 10820.00);
INSERT INTO transactions(user_id, datetime, ticker, qty, price, total) VALUES (9, '2015-10-17 13:16:00', 'IBM', 1000, 33.1, 33100.00);
INSERT INTO transactions(user_id, datetime, ticker, qty, price, total) VALUES (9, '2015-10-18 11:15:00', 'UBS', -100, 20.3, -2030.00);
INSERT INTO transactions(user_id, datetime, ticker, qty, price, total) VALUES (9, '2015-10-18 12:13:00', 'TUI', 500, 65.4, 32700.00);
INSERT INTO transactions(user_id, datetime, ticker, qty, price, total) VALUES (9, '2015-10-18 10:12:00', 'TW', 200, 54.1, 10820.00);
INSERT INTO transactions(user_id, datetime, ticker, qty, price, total) VALUES (9, '2015-10-18 13:50:00', 'PG', 1000, 33.1, 33100.00);
INSERT INTO transactions(user_id, datetime, ticker, qty, price, total) VALUES (9, '2015-10-19 11:40:00', 'FINA', 100, 20.3, 2030.00);
INSERT INTO transactions(user_id, datetime, ticker, qty, price, total) VALUES (9, '2015-10-19 12:30:00', 'TUI', 500, 65.4, 32700.00);
INSERT INTO transactions(user_id, datetime, ticker, qty, price, total) VALUES (9, '2015-10-19 10:20:00', 'TW', 200, 54.1, 10820.00);
INSERT INTO transactions(user_id, datetime, ticker, qty, price, total) VALUES (9, '2015-10-19 13:19:00', 'PG', 1000, 33.1, 33100.00);
INSERT INTO transactions(user_id, datetime, ticker, qty, price, total) VALUES (9, '2015-10-20 11:18:00', 'UBS', -100, 20.3, -2030.00);
INSERT INTO transactions(user_id, datetime, ticker, qty, price, total) VALUES (9, '2015-10-20 12:17:00', 'TUI', 500, 65.4, 32700.00);
INSERT INTO transactions(user_id, datetime, ticker, qty, price, total) VALUES (9, '2015-10-20 10:16:00', 'TW', 200, 54.1, 10820.00);
INSERT INTO transactions(user_id, datetime, ticker, qty, price, total) VALUES (9, '2015-10-20 13:15:00', 'PG', 1000, 33.1, 33100.00);
INSERT INTO transactions(user_id, datetime, ticker, qty, price, total) VALUES (9, '2015-10-21 11:14:00', 'FINA', 100, 20.3, 2030.00);
INSERT INTO transactions(user_id, datetime, ticker, qty, price, total) VALUES (9, '2015-10-21 12:13:00', 'TUI', 500, 65.4, 32700.00);
INSERT INTO transactions(user_id, datetime, ticker, qty, price, total) VALUES (9, '2015-10-21 10:12:00', 'TW', 200, 54.1, 10820.00);
INSERT INTO transactions(user_id, datetime, ticker, qty, price, total) VALUES (9, '2015-10-21 13:11:00', 'PG', 1000, 33.1, 33100.00);
INSERT INTO transactions(user_id, datetime, ticker, qty, price, total) VALUES (9, '2015-10-22 11:18:00', 'UBS', -100, 20.3, -2030.00);
INSERT INTO transactions(user_id, datetime, ticker, qty, price, total) VALUES (9, '2015-10-22 12:17:00', 'TUI', 500, 65.4, 32700.00);
INSERT INTO transactions(user_id, datetime, ticker, qty, price, total) VALUES (9, '2015-10-22 10:16:00', 'TW', 200, 54.1, 10820.00);
INSERT INTO transactions(user_id, datetime, ticker, qty, price, total) VALUES (9, '2015-10-22 13:15:00', 'PG', -1000, 33.1, -33100.00);
INSERT INTO transactions(user_id, datetime, ticker, qty, price, total) VALUES (9, '2015-10-23 11:14:00', 'UBS', 100, 20.3, 2030.00);
INSERT INTO transactions(user_id, datetime, ticker, qty, price, total) VALUES (9, '2015-10-23 12:13:00', 'TUI', 500, 65.4, 32700.00);
INSERT INTO transactions(user_id, datetime, ticker, qty, price, total) VALUES (9, '2015-10-23 10:12:00', 'FINA', 200, 54.1, 10820.00);
INSERT INTO transactions(user_id, datetime, ticker, qty, price, total) VALUES (9, '2015-10-23 13:11:00', 'PG', 1000, 33.1, 33100.00);


-- Shared Secret
-- $2a$10$aOfagh5EsYJNnEGcpFfo7u9mxnAUGVhKh2TzAbDbgm.2LALITl6Xe <- spring